{
  "objects": [
    {
      "label": 4,
      "confidence": 0.106421,
      "bounding_box": {
        "x_center": 0.03125,
        "y_center": 0.104403,
        "width": 0.0328125,
        "height": 0.104403
      }
    },
    {
      "label": 4,
      "confidence": 0.106421,
      "bounding_box": {
        "x_center": 0.5875,
        "y_center": 0.104403,
        "width": 0.589063,
        "height": 0.104403
      }
    },
    {
      "label": 4,
      "confidence": 0.0983475,
      "bounding_box": {
        "x_center": 0.9625,
        "y_center": 0.0963292,
        "width": 0.964063,
        "height": 0.0963292
      }
    }
  ]
}